rank,voxels,peak_mni,peak_aal_label,top_aal_labels_counts
1,395,"(24.0, 2.0, -16.0)",Amygdala_R,Amygdala_R: 159; outside AAL: 109; Hippocampus_R: 71
2,296,"(-18.0, 2.0, -14.0)",outside AAL,Amygdala_L: 127; outside AAL: 65; Hippocampus_L: 32
3,160,"(22.0, 32.0, -12.0)",outside AAL,Frontal_Inf_Orb_R: 51; Insula_R: 38; outside AAL: 38
4,66,"(2.0, 52.0, -10.0)",Frontal_Med_Orb_R,Frontal_Med_Orb_L: 37; Frontal_Med_Orb_R: 25; Rectus_R: 3
5,59,"(-2.0, -26.0, 0.0)",outside AAL,outside AAL: 56; Thalamus_L: 3
6,37,"(32.0, 50.0, -10.0)",Frontal_Mid_Orb_R,Frontal_Mid_Orb_R: 36; outside AAL: 1
7,35,"(0.0, -16.0, -2.0)",outside AAL,outside AAL: 19; Thalamus_L: 16
8,20,"(-12.0, 14.0, -20.0)",Frontal_Sup_Orb_L,Frontal_Sup_Orb_L: 8; Olfactory_L: 7; Rectus_L: 5
9,11,"(16.0, 46.0, 22.0)",outside AAL,Cingulum_Ant_R: 5; Frontal_Sup_Medial_R: 3; outside AAL: 2
10,11,"(-36.0, 10.0, -16.0)",outside AAL,outside AAL: 8; Insula_L: 3
