rank,voxels,volume_mm3,peak_mni_x,peak_mni_y,peak_mni_z,centroid_mni_x,centroid_mni_y,centroid_mni_z,peak_min_z
1,395,3160,24.0,2.0,-16.0,23.3,-1.9,-15.5,7.073
2,296,2368,-18.0,2.0,-14.0,-20.6,-0.6,-15.7,7.971
3,160,1280,22.0,32.0,-12.0,24.7,27.2,-14.9,6.039
4,66,528,2.0,52.0,-10.0,0.6,53.5,-10.5,4.944
5,59,472,-2.0,-26.0,0.0,-2.5,-27.7,-3.5,4.556
6,37,296,32.0,50.0,-10.0,33.1,51.1,-10.9,4.22
7,35,280,0.0,-16.0,-2.0,-1.5,-13.7,0.5,4.588
8,20,160,-12.0,14.0,-20.0,-12.3,13.7,-18.6,4.458
9,11,88,16.0,46.0,22.0,13.5,44.4,23.3,3.833
10,11,88,-36.0,10.0,-16.0,-34.9,8.9,-16.4,3.568
