term_a,term_b,threshold_z,finite_voxels,a_voxels,b_voxels,shared_voxels,jaccard,dice
emotion_regulation,reward,2.0,902629,18354,25801,4725,0.11983261476033477,0.21401879741818594
emotion_regulation,reward,3.0,902629,5517,15112,1296,0.06703563854549216,0.12564835910611274
emotion_regulation,reward,4.0,902629,1685,9120,420,0.04044294655753491,0.07774178621008793
emotion_regulation,reward,5.0,902629,586,5722,169,0.027528913503827985,0.05358275206087508
emotion_regulation,depression,2.0,902629,18354,5847,1665,0.0738817891373802,0.1375976199330606
emotion_regulation,depression,3.0,902629,5517,1348,391,0.06039542786530738,0.11391114348142753
emotion_regulation,depression,4.0,902629,1685,281,127,0.06905927134312126,0.12919633774160733
emotion_regulation,depression,5.0,902629,586,50,16,0.025806451612903226,0.050314465408805034
reward,depression,2.0,902629,25801,5847,2441,0.08357585510322868,0.15425935288169867
reward,depression,3.0,902629,15112,1348,536,0.03365988445114293,0.06512758201701094
reward,depression,4.0,902629,9120,281,108,0.011621650704831593,0.022976279119242635
reward,depression,5.0,902629,5722,50,7,0.0012142237640936687,0.0024255024255024253
